<application>
  <component name="AndroidFoldingSettings">
    <option name="collapseAndroidStrings" value="false" />
    <option name="COLLAPSE_ANDROID_TEXT" value="false" />
  </component>
  <component name="CodeFoldingSettings">
    <option name="COLLAPSE_IMPORTS" value="false" />
    <option name="COLLAPSE_FILE_HEADER" value="false" />
  </component>
  <component name="CodeInsightSettings">
    <option name="completionCaseSensitive" value="2" />
    <option name="selectAutopopupSuggestionsByChars" value="true" />
    <option name="AUTO_POPUP_JAVADOC_INFO" value="true" />
    <option name="JAVADOC_INFO_DELAY" value="0" />
    <option name="COMPLETION_CASE_SENSITIVE" value="2" />
    <option name="SELECT_AUTOPOPUP_SUGGESTIONS_BY_CHARS" value="true" />
    <option name="AUTOCOMPLETE_ON_CODE_COMPLETION" value="false" />
    <option name="INSERT_BRACE_ON_ENTER" value="false" />
    <option name="HIGHLIGHT_SCOPE" value="true" />
  </component>
  <component name="CursiveManagers">
    <option name="feat1" value="false" />
  </component>
  <component name="DaemonCodeAnalyzerSettings">
    <option name="NEXT_ERROR_ACTION_GOES_TO_ERRORS_FIRST" value="false" />
    <option name="SHOW_METHOD_SEPARATORS" value="true" />
  </component>
  <component name="EditorSettings">
    <option name="languageBreadcrumbsMap">
      <map>
        <entry key="C#" value="true" />
        <entry key="C++" value="true" />
      </map>
    </option>
    <option name="USE_SOFT_WRAPS" value="PREVIEW" />
    <option name="SOFT_WRAP_FILE_MASKS" value="*.md; *.txt; *.rst; *.adoc; *.cs;*.hlsl;*.shader;*.cpp;*.h;*.compute;*.ush;*.usf;" />
    <option name="STRIP_TRAILING_SPACES" value="None" />
    <option name="IS_CARET_BLINKING" value="false" />
    <option name="IS_RIGHT_MARGIN_SHOWN" value="false" />
    <option name="IS_FOLDING_OUTLINE_SHOWN_ONLY_ON_HOVER" value="false" />
    <option name="IS_FOLDING_ENDINGS_SHOWN" value="true" />
    <option name="ENABLE_RENDERED_DOC" value="true" />
    <option name="USE_EDITOR_FONT_IN_INLAYS" value="true" />
    <option name="IS_FULL_LINE_HEIGHT_CURSOR" value="true" />
    <option name="IS_WHEEL_FONTCHANGE_ENABLED" value="true" />
  </component>
  <component name="InlineCompletionOnboarding">
    <option name="onboardingFinished" value="true" />
  </component>
  <component name="KubernetesFoldingSettings">
    <option name="COLLAPSE_HELM_VALUES" value="false" />
    <option name="COLLAPSE_ENV_VARS" value="false" />
    <option name="COLLAPSE_EXEC_ACTIONS" value="false" />
  </component>
  <component name="MarkdownCodeFoldingSettings">
    <option name="collapseFrontMatter" value="false" />
    <option name="collapseLinks" value="false" />
  </component>
  <component name="TodoConfiguration">
    <pattern pattern="\bNotImplementedException\b" />
    <pattern case-sensitive="true" pattern="(?&lt;=\W|^)(?&lt;TAG&gt;BUG:)(\W|$)(.*)" />
    <pattern pattern="(?&lt;=\W|^)(?&lt;TAG&gt;TODO)(\W|$)(.*)" />
  </component>
  <component name="XmlFoldingSettings">
    <option name="COLLAPSE_HTML_STYLE_ATTRIBUTE" value="false" />
    <option name="COLLAPSE_ENTITIES" value="false" />
    <option name="COLLAPSE_DATA_URI" value="false" />
  </component>
</application>