<application>
  <component name="CppCodeFoldingSettings">
    <option name="collapseConditionallyNoncompiled" value="false" />
  </component>
  <component name="FSharpCodeFoldingSettings">
    <option name="collapseHashDirectives" value="false" />
  </component>
  <component name="RiderCodeCompletionExtraSettings">
    <option name="allowToCompleteWithWhitespace" value="false" />
  </component>
  <component name="RiderDefaultCodeFoldingSettings">
    <option name="collapseRegions" value="false" />
  </component>
</application>