<application>
  <component name="GeneralSettings">
    <option name="reopenLastProject" value="false" />
    <option name="autoSaveIfInactive" value="true" />
    <option name="confirmExit" value="false" />
    <option name="confirmOpenNewProject2" value="0" />
  </component>
  <component name="Registry">
    <entry key="ide.experimental.ui" value="true" />
    <entry key="i18n.locale" value="" />
  </component>
  <component name="StatusBar">
    <option name="widgets">
      <map>
        <entry key="Memory" value="true" />
        <entry key="RiderMemory" value="true" />
        <entry key="VfsRefresh" value="true" />
      </map>
    </option>
  </component>
</application>