<application>
  <component name="LafManager">
    <laf themeId="ae7a917c-04b2-4468-bab7-6ddd4c43f879" />
    <lafs-to-previous-schemes>
      <laf-to-scheme laf="64bac2a8-9558-4b8a-a0e0-a00000000013" scheme="_@user_Gerry Darcula" />
      <laf-to-scheme laf="64bac2a8-9558-4b8a-a0e0-a4017ec91151" scheme="_@user_Gradianto Nature Green New" />
      <laf-to-scheme laf="ExperimentalDark" scheme="_@user_Monokai Pro" />
      <laf-to-scheme laf="GITHUB_DARK" scheme="_@user_Xcode Dark" />
      <laf-to-scheme laf="RiderMelonNight" scheme="_@user_Gradianto Nature Green New" />
      <laf-to-scheme laf="RiderNight" scheme="_@user_Gradianto Nature Green New" />
      <laf-to-scheme laf="VisualStudioNight" scheme="_@user_Gradianto Nature Green New" />
    </lafs-to-previous-schemes>
  </component>
</application>