<application>
  <component name="ProjectManager">
    <defaultProject>
      <component name="Encoding" addBOMForNewFiles="with BOM under Windows, with no BOM otherwise" />
      <component name="MaterialThemeProjectNewConfig">
        <option name="metadata">
          <MTProjectMetadataState>
            <option name="migrated" value="true" />
            <option name="pristineConfig" value="false" />
            <option name="userId" value="-45dcdcdf:190de3157d2:-7ffc" />
          </MTProjectMetadataState>
        </option>
        <option name="titleBarState">
          <MTProjectTitleBarConfigState>
            <option name="overrideColor" value="false" />
          </MTProjectTitleBarConfigState>
        </option>
      </component>
      <component name="ProjectViewState">
        <option name="hideEmptyMiddlePackages" value="true" />
        <option name="showLibraryContents" value="true" />
      </component>
      <component name="PropertiesComponent">{
  &quot;keyToString&quot;: {
    &quot;settings.editor.selected.configurable&quot;: &quot;preferences.pluginManager&quot;
  }
}</component>
      <component name="WindowStateProjectService">
        <state x="460" y="93" key="SettingsEditor" timestamp="1695177368780">
          <screen x="0" y="0" width="1920" height="1032" />
        </state>
        <state x="460" y="93" key="SettingsEditor/0.0.1920.1032/1920.0.1920.1032" timestamp="1695177368780" />
      </component>
    </defaultProject>
  </component>
</application>