<application>
  <component name="Trusted.Paths">
    <option name="TRUSTED_PROJECT_PATHS">
      <map>
        <entry key="C:\Users\ccty1\Desktop\VoxelGI_ HDRP(3)" value="true" />
        <entry key="C:\Users\ccty1\Github\VoxelGI_HDRP" value="true" />
        <entry key="D:\Megacity-Sample-master" value="true" />
        <entry key="D:\UE5\Projects\HelloWorld" value="true" />
        <entry key="D:\UE5\Projects\MyDebug" value="true" />
        <entry key="D:\UE5\Projects\UE_VG_Research" value="true" />
        <entry key="D:\UE5\SourceCode" value="true" />
        <entry key="D:\UE5\SourceCode\UnrealEngine-5.1.0-release" value="true" />
        <entry key="D:\Virtual_Geometry\VG_Research" value="true" />
        <entry key="D:\unity projects\3D_Sample_Scene_HDRP_23_2_4" value="true" />
        <entry key="D:\unity projects\3D_Sample_Scene_HDRP_23_2_4\.idea\.idea.3D_Sample_Scene_HDRP_23_2_4" value="true" />
        <entry key="D:\unity projects\DOTS_Demos\AntPhermones" value="true" />
        <entry key="D:\unity projects\DOTS_Demos\EntityComponentSystemSamples-master\EntitiesSamples" value="true" />
        <entry key="D:\unity projects\HDRP_2022.1.10" value="true" />
        <entry key="D:\unity projects\HDRP_RayTracing_6" value="true" />
        <entry key="D:\unity projects\HDRP_RayTracing_6\.idea\.idea.HDRP_RayTracing_6" value="true" />
        <entry key="D:\unity projects\ILV" value="true" />
        <entry key="D:\unity projects\My project" value="true" />
        <entry key="D:\unity projects\URP2022.2_Test" value="true" />
        <entry key="D:\unity projects\VG_Research" value="true" />
      </map>
    </option>
  </component>
</application>