<application>
  <component name="DimensionService">
    <location key="find.popup.0.0.1920.1080" x="183" y="30" />
    <location key="find.popup.-3840.-396.2561.1601@144dpi" x="-3595" y="-351" />
    <location key="find.popup.-3840.0.2561.1601@144dpi" x="-3595" y="45" />
    <location key="find.popup.0.0.2560.1440" x="237" y="413" />
    <location key="find.popup.-2560.-67.2560.1600" x="-2011" y="274" />
    <location key="find.popup.0.0.3840.2160@144dpi" x="1110" y="560" />
    <location key="find.popup.0.0.3840.2160@108dpi" x="2469" y="203" />
    <size key="find.popup.0.0.1920.1080" width="966" height="860" />
    <size key="find.popup.-3840.-396.2561.1601@144dpi" width="1287" height="795" />
    <size key="find.popup.-3840.0.2561.1601@144dpi" width="1623" height="1301" />
    <size key="find.popup.0.0.2560.1440" width="704" height="560" />
    <size key="GridCell.Tab.0.left.0.0.2560.1440" width="2227" height="576" />
    <size key="GridCell.Tab.0.center.0.0.2560.1440" width="2227" height="576" />
    <size key="GridCell.Tab.0.right.0.0.2560.1440" width="2227" height="576" />
    <size key="GridCell.Tab.0.bottom.0.0.2560.1440" width="2227" height="576" />
    <size key="GridCell.Tab.1.left.0.0.2560.1440" width="2227" height="576" />
    <size key="GridCell.Tab.1.center.0.0.2560.1440" width="2227" height="576" />
    <size key="GridCell.Tab.1.right.0.0.2560.1440" width="2227" height="576" />
    <size key="GridCell.Tab.1.bottom.0.0.2560.1440" width="2227" height="576" />
    <size key="GridCell.Tab.3.left.0.0.2560.1440" width="2227" height="576" />
    <size key="GridCell.Tab.3.center.0.0.2560.1440" width="2227" height="576" />
    <size key="GridCell.Tab.3.right.0.0.2560.1440" width="2227" height="576" />
    <size key="GridCell.Tab.3.bottom.0.0.2560.1440" width="2227" height="576" />
    <size key="GridCell.Tab.4.left.0.0.2560.1440" width="2227" height="576" />
    <size key="GridCell.Tab.4.center.0.0.2560.1440" width="2227" height="576" />
    <size key="GridCell.Tab.4.right.0.0.2560.1440" width="2227" height="576" />
    <size key="GridCell.Tab.4.bottom.0.0.2560.1440" width="2227" height="576" />
    <size key="GridCell.Tab.2.left.0.0.2560.1440" width="2227" height="576" />
    <size key="GridCell.Tab.2.center.0.0.2560.1440" width="2227" height="576" />
    <size key="GridCell.Tab.2.right.0.0.2560.1440" width="2227" height="576" />
    <size key="GridCell.Tab.2.bottom.0.0.2560.1440" width="2227" height="576" />
    <size key="find.popup.-2560.-67.2560.1600" width="960" height="765" />
    <size key="find.popup.0.0.3840.2160@144dpi" width="1542" height="1265" />
    <size key="find.popup.0.0.3840.2160@108dpi" width="1136" height="905" />
  </component>
  <component name="ToolWindowLayout">{
  &quot;v1&quot;: [
    {
      &quot;id&quot;: &quot;Project&quot;,
      &quot;order&quot;: 0,
      &quot;contentUiType&quot;: &quot;COMBO&quot;,
      &quot;isActiveOnStart&quot;: true,
      &quot;isVisible&quot;: true,
      &quot;weight&quot;: 0.25
    },
    {
      &quot;id&quot;: &quot;Version Control&quot;,
      &quot;order&quot;: 0,
      &quot;anchor&quot;: &quot;BOTTOM&quot;
    },
    {
      &quot;id&quot;: &quot;Find&quot;,
      &quot;order&quot;: 1,
      &quot;anchor&quot;: &quot;BOTTOM&quot;
    },
    {
      &quot;id&quot;: &quot;Run&quot;,
      &quot;order&quot;: 2,
      &quot;anchor&quot;: &quot;BOTTOM&quot;
    },
    {
      &quot;id&quot;: &quot;Debug&quot;,
      &quot;order&quot;: 3,
      &quot;anchor&quot;: &quot;BOTTOM&quot;,
      &quot;weight&quot;: 0.4
    },
    {
      &quot;id&quot;: &quot;Inspection&quot;,
      &quot;order&quot;: 4,
      &quot;anchor&quot;: &quot;BOTTOM&quot;,
      &quot;weight&quot;: 0.4
    }
  ]
}</component>
  <component name="WindowManager">
    <frame x="1911" y="0" width="1938" height="2097" />
  </component>
  <component name="WindowStateApplicationService">
    <state x="1280" y="572" width="800" height="650" key="WELCOME_SCREEN" timestamp="1725769618177">
      <screen x="0" y="0" width="2560" height="1392" />
    </state>
    <state x="1280" y="572" width="800" height="650" key="WELCOME_SCREEN.ideScale=70" timestamp="1725770482206">
      <screen x="0" y="0" width="2560" height="1392" />
    </state>
    <state x="1280" y="572" width="800" height="650" key="WELCOME_SCREEN.ideScale=70/0.0.2560.1392" timestamp="1725770482206" />
    <state x="1280" y="572" width="800" height="650" key="WELCOME_SCREEN/0.0.2560.1392" timestamp="1725769618177" />
  </component>
</application>