<application>
  <component name="Translation.Cache">
    <option name="lastTrimTime" value="1725244031514" />
  </component>
  <component name="Translation.Settings">
    <option name="baiduTranslateSettings">
      <app-key>
        <option name="appId" value="20221024001411826" />
      </app-key>
    </option>
    <option name="primaryLanguage" value="CHINESE" />
  </component>
  <component name="Translation.States">
    <option name="translationDialogHeight" value="421" />
    <option name="translationDialogLocationX" value="2421" />
    <option name="translationDialogLocationY" value="304" />
    <option name="translationDialogWidth" value="915" />
    <histories>
      <item value="ILV AFFECT VOLUMETRIC LIGHTING" />
      <item value="好的影响" />
      <item value="影响" />
      <item value="y" />
      <item value="ILV EFFECT VOLUMETRIC LIGHTING" />
      <item value="cornette shanks zonal harmonic L 0" />
      <item value="Note here we don't need undo the convolution by the cosine kernel as we only sample L0 and don't support anisotropy yet, so undoing cosine and convolve with phase function for L0 term it'd just cancel out as both are just constant factors." />
      <item value="It is possible that some invalid probes are sampled due to how APV is laying the probes For now the safest way is to ignore the NaN data when sampled." />
      <item value="radiance no phase" />
      <item value="radiance complete" />
      <item value="Need Cache" />
      <item value="nesting" />
      <item value="nesting&#10;" />
      <item value="short cuts" />
      <item value="utility buttons foldout" />
      <item value="NOTE: Work around a shader compilation bug, where removing the tiny epsilon causes incorrect output on some drivers. The epsilon should be small enough to not affect the output." />
      <item value="fov correctedradius SS" />
      <item value="最小通配符" />
      <item value="最小通配符&#10;" />
      <item value="输出全部单场景GI资源路径" />
      <item value="Streamer" />
      <item value="Store a GPU command to write GPU clock in that slot" />
      <item value="get single scene lighting scene paths" />
      <item value="Add a GPU command to store GPU clock into an opaque &quot;slot&quot; index slot index is always &lt; kGPU_TIMESTAMP_POOL_SIZE" />
      <item value="gpu recorder write gpu timestamp command internal" />
      <item value="This func should only be called from a single gfx device worker thread" />
      <item value="convert single scene ILV baked to dynamic loading mode" />
      <item value="刷新单场景烘焙GI" />
      <item value="刷新dan'chang'j" />
      <item value="刷新dan" />
      <item value="load dynamic loading data" />
      <item value="on convert runtime mode to single scene dynamic loading" />
      <item value="on convert to ex" />
      <item value="single scene dynamic load data paths" />
      <item value="single scene dynamic load" />
      <item value="报错前缀" />
      <item value="报错前缀&#10;" />
      <item value="报错qin" />
      <item value="custom ILV resource manager" />
      <item value="GFX SUPPORTS RAY TRACING" />
      <item value="update instance properties" />
      <item value="mecha show stage" />
      <item value="state name" />
      <item value="unload unused asset no GC" />
      <item value="spawn async" />
      <item value="chromatic aberration" />
      <item value="chromatic aberration parameters" />
      <item value="chroma amount" />
      <item value="If this fella is opaque, then we need to stop" />
      <item value="If this point is not visible, ignore the hit and force end the shader" />
    </histories>
    <option name="languageScores">
      <map>
        <entry key="AZERBAIJANI" value="1" />
        <entry key="CATALAN" value="2" />
        <entry key="CHINESE" value="6799" />
        <entry key="CROATIAN" value="1" />
        <entry key="CZECH" value="2" />
        <entry key="DANISH" value="1" />
        <entry key="DUTCH" value="3" />
        <entry key="ENGLISH" value="6800" />
        <entry key="ESPERANTO" value="1" />
        <entry key="FINNISH" value="1" />
        <entry key="FRENCH" value="2" />
        <entry key="GERMAN" value="1" />
        <entry key="HINDI" value="1" />
        <entry key="ITALIAN" value="1" />
        <entry key="KANNADA" value="1" />
        <entry key="LATIN" value="1" />
        <entry key="MALAY" value="1" />
        <entry key="NORWEGIAN" value="5" />
        <entry key="PORTUGUESE" value="2" />
        <entry key="RUSSIAN" value="3" />
        <entry key="SLOVAK" value="1" />
        <entry key="SPANISH" value="2" />
        <entry key="UZBEK" value="1" />
        <entry key="WELSH" value="1" />
        <entry key="XHOSA" value="2" />
        <entry key="YORUBA" value="1" />
      </map>
    </option>
  </component>
</application>